restaurant_id,name,city,neighborhood,status,your_note,google_maps_url,source,price_tier,public_rating,public_review_count,cuisine
milan_allantico_vinaio,All'Antico Vinaio,Milan,,tried,"super cute chill drink vibes, good food",https://www.google.com/maps/place/All'Antico+Vinaio/data=!4m2!3m1!1s0x4786c7912565cdf7:0x3a14ed6389b46858,google_maps,,,,
milan_slow_sud,Slow Sud,Milan,,tried,"really cute vibes, it even has a swing, solid pasta",https://www.google.com/maps/place/Slow+Sud/data=!4m2!3m1!1s0x4786c6ac81b67cbd:0x81361c1469637031,google_maps,,,,
milan_ai_balestrari_sul_naviglio_pavese,Ai Balestrari sul Naviglio Pavese,Milan,,tried,"chill classic vibes, good pasta",https://www.google.com/maps/place/Ai+Balestrari+sul+Naviglio+Pavese/data=!4m2!3m1!1s0x4786c3f86a91de99:0xe9775494f953557d,google_maps,,,,
milan_social_pizza,Social pizza,Milan,,tried,"in the center of duomo, has everything but nothing stood out",https://www.google.com/maps/place/Social+pizza/data=!4m2!3m1!1s0x4786c7da3f207435:0x8df72bf0ad1d1fd8,google_maps,,,,
milan_sancen_ristorante_cinese_shancheng_山城小灶,SANCEN RISTORANTE CINESE (SHANCHENG) 山城小灶,Milan,,tried,"very authentic chinese food, chill vibes, low prices",https://www.google.com/maps/place/SANCEN+RISTORANTE+CINESE+(SHANCHENG)+%E5%B1%B1%E5%9F%8E%E5%B0%8F%E7%81%B6/data=!4m2!3m1!1s0x4786c35d0b29c56d:0x2cf23af7765c5d22,google_maps,,,,
milan_niuda_ramen_a_mano,Niuda Ramen a Mano,Milan,,tried,pretty authentic chinese noodle place,https://www.google.com/maps/place/Niuda+Ramen+a+Mano/data=!4m2!3m1!1s0x4786c5d090d29c45:0xc23abe9b4f5165fd,google_maps,,,,
milan_come_na_vorta_pasta_e_vino_milano,Come 'Na Vorta - Pasta e Vino Milano,Milan,,tried,"really really good tiramisu, nice cute vibes for lunch and dinner",https://www.google.com/maps/place/Come+'Na+Vorta+-+Pasta+e+Vino+Milano/data=!4m2!3m1!1s0x4786c1710fcfc85b:0x6f1b879c7050eafc,google_maps,,,,
milan_obicà_mozzarella_bar_duomo,Obicà Mozzarella Bar - Duomo,Milan,,tried,"roof top vibes, good for dates and with friends",https://www.google.com/maps/place/Obic%C3%A0+Mozzarella+Bar+-+Duomo/data=!4m2!3m1!1s0x4786c6ae5a3e7849:0xa30fbdae035047db,google_maps,,,,
milan_piz,Piz,Milan,,tried,"casual lunch spot, really good pizza in duomo",https://www.google.com/maps/place/Piz/data=!4m2!3m1!1s0x4786c6ab76836fdd:0x16966d59fc5a5e6,google_maps,,,,
milan_nowhere_cafe,NOWHERE - CAFE,Milan,,tried,"american brunch, super super good fod, cute friends brunch vibe",https://www.google.com/maps/place/NOWHERE+-+CAFE/data=!4m2!3m1!1s0x4786c13a98f1f84f:0x34abfcd4ea130bf8,google_maps,,,,
milan_casa_sorbillo_duomo,Casa Sorbillo Duomo,Milan,,tried,"chill vibes, super good pizza (pretty cheap), really big portions",https://www.google.com/maps/place/Casa+Sorbillo+Duomo/data=!4m2!3m1!1s0x4786c7b15c0e8ddb:0x4655e44ff3d8fa,google_maps,,,,
milan_sapori_solari_la_bisteccheria,Sapori Solari - La Bisteccheria,Milan,,tried,"really good steak, date vibes",https://www.google.com/maps/place/Sapori+Solari+-+La+Bisteccheria/data=!4m2!3m1!1s0x4786c55d4a53b115:0x1a1ef8887329314b,google_maps,,,,
milan_da_vittorio_café_louis_vuitton,Da Vittorio Café Louis Vuitton,Milan,,tried,"the desserts are really good, perfect for afternoon tea",https://www.google.com/maps/place/Da+Vittorio+Caf%C3%A9+Louis+Vuitton/data=!4m2!3m1!1s0x4786c756bee2d17f:0x8a23402331e43518,google_maps,,,,
milan_trattoria_il_cormorano,Trattoria Il Cormorano,Milan,,tried,-,https://www.google.com/maps/place/Trattoria+Il+Cormorano/data=!4m2!3m1!1s0x4786c12c54d35829:0x37a3dfe1ff61899c,google_maps,,,,
milan_pho_yummy越厨,Pho Yummy越厨,Milan,,tried,best pho i had in milan,https://www.google.com/maps/place/Pho+Yummy%E8%B6%8A%E5%8E%A8/data=!4m2!3m1!1s0x4786c10076961215:0x66416f2557fc88cf,google_maps,,,,
milan_gloria_osteria_milano,Gloria Osteria Milano,Milan,,tried,"went here for my friends birthday, super cute and vibey, really really good food, especially the beef wellington.",https://www.google.com/maps/place/Gloria+Osteria+Milano/data=!4m2!3m1!1s0x4786c14aa2b94cd5:0x9f776b64b73dbc06,google_maps,,,,
milan_la_magolfa_navigli,La Magolfa - Navigli,Milan,,tried,"Cute classic Italian restaurant vibes, very cheap",https://www.google.com/maps/place/La+Magolfa+-+Navigli/data=!4m2!3m1!1s0x4786c3f9da3fcb73:0x2680abefae24ec15,google_maps,,,,
milan_sisu,SISU.,Milan,,tried,"One of my favorite study places, super cute vibes and great WiFi",https://www.google.com/maps/place/SISU./data=!4m2!3m1!1s0x4786c3001d0ddfaf:0x976a960a28d42aa1,google_maps,,,,
milan_siyuan_china_lanzhou_beef_noodles,SIYUAN - China Lanzhou Beef Noodles,Milan,,tried,-,https://www.google.com/maps/place/SIYUAN+-+China+Lanzhou+Beef+Noodles/data=!4m2!3m1!1s0x4786c7a73bbbb0db:0x7d9e4889b4de3507,google_maps,,,,
milan_crazy_pizza_milan,Crazy Pizza Milan,Milan,,tried,"A perfect date night vibe, club music, and dough spinning show",https://www.google.com/maps/place/Crazy+Pizza+Milan/data=!4m2!3m1!1s0x4786c19b00ca6787:0x7fe1af94931cd829,google_maps,,,,
milan_principe_bar,Principe Bar,Milan,,tried,Sioer cute vibes,https://www.google.com/maps/place/Principe+Bar/data=!4m2!3m1!1s0x4786c729ac489235:0x116423d60808f62b,google_maps,,,,
milan_aldente_pastabar_cordusio,ALDENTE Pastabar - Cordusio,Milan,,tried,Favorite pasta takeout place,https://www.google.com/maps/place/ALDENTE+Pastabar+-+Cordusio/data=!4m2!3m1!1s0x4786c6ad5c826607:0x82799143dc145790,google_maps,,,,
milan_dal_milanese,Dal Milanese,Milan,,tried,"The vibe is like a bar in the states but way more fancy and good vibes, loved the food",https://www.google.com/maps/place/Dal+Milanese/data=!4m2!3m1!1s0x4786c7a27b772493:0xdb7971c002b5eaa2,google_maps,,,,
milan_yangguofu,Yangguofu,Milan,,tried,The best malatang in Milan,https://www.google.com/maps/place/Yangguofu/data=!4m2!3m1!1s0x4786c1003d0636bb:0xa1d4d560bc6eb3b8,google_maps,,,,
milan_shoo_loong_kan_hotpot_milano,Shoo Loong Kan Hotpot Milano,Milan,,tried,Best hotpot in Milan,https://www.google.com/maps/place/Shoo+Loong+Kan+Hotpot+Milano/data=!4m2!3m1!1s0x4786c1b150055e4f:0xd6743937420873d6,google_maps,,,,
milan_la_gioia_san_marco,La Gioia San Marco,Milan,,tried,"One of my favorites in Milan, they have the cheese wheel, I would say it’s the most vibey place in Milan for a date or with friends",https://www.google.com/maps/place/La+Gioia+San+Marco/data=!4m2!3m1!1s0x4786c72cfe0dd087:0x8c9994bf66dafda5,google_maps,,,,
milan_osteria_afrodite,Osteria Afrodite,Milan,,tried,"Perfect for date night, one of my favorites in Milan",https://www.google.com/maps/place/Osteria+Afrodite/data=!4m2!3m1!1s0x4786c745d3b602a9:0x3695b50242d570cb,google_maps,,,,
milan_osteria_da_fortunata_brera,Osteria Da Fortunata - Brera,Milan,,tried,"Loveeee this place, super cute restaurant and really good pasta, very famous on TikTok too I would say it lived up to the hype",https://www.google.com/maps/place/Osteria+Da+Fortunata+-+Brera/data=!4m2!3m1!1s0x4786c1366226f28b:0xfce2a76a855b45f0,google_maps,,,,
milan_maccheroni_la_carbonara_n1_di_milano,Maccheroni - La Carbonara N°1 di Milano,Milan,,tried,"So called best carbonara in Milan, really good but I wouldn’t say it’s #1, they have extremely good meatballs tho",https://www.google.com/maps/place/Maccheroni+-+La+Carbonara+N%C2%B01+di+Milano/data=!4m2!3m1!1s0x4786c1c388779717:0xd5eeab5ca1838208,google_maps,,,,
milan_ristorante_dry_aged,Ristorante Dry Aged,Milan,,tried,"Date night place, the steak was slightly bland",https://www.google.com/maps/place/Ristorante+Dry+Aged/data=!4m2!3m1!1s0x4786c3fc31429f57:0xf983424680e20bfa,google_maps,,,,
milan_luleo,Lu&Leo,Milan,,tried,"My favorite family owned pasta place, store is pretty small and it’s next to bocconi",https://www.google.com/maps/place/Lu%26Leo/data=!4m2!3m1!1s0x4786c510c95f127d:0x2d8b134918a0e0e3,google_maps,,,,
milan_la_prosciutteria_milano_navigli,La Prosciutteria Milano Navigli,Milan,,tried,"The portion is big and I love the vibes, good for a before/after dinner type snacks",https://www.google.com/maps/place/La+Prosciutteria+Milano+Navigli/data=!4m2!3m1!1s0x4786c3fa3e18ab87:0xecb6f8bf45bb4b64,google_maps,,,,
milan_casanori,Casanori,Milan,,tried,"Date vibe, decently priced and the handroll was pretty good",https://www.google.com/maps/place/Casanori/data=!4m2!3m1!1s0x4786c19b67c609a5:0x95e5ae4d80500b82,google_maps,,,,
milan_hekfanchai,Hekfanchai,Milan,,tried,Good takeout and changfen,https://www.google.com/maps/place/Hekfanchai/data=!4m2!3m1!1s0x4786c1031f8a96a7:0x6869b7f82cae233e,google_maps,,,,
milan_atelier_prato,Atelier Prato,Milan,,tried,"Super cute vibes, perfect brunch place, no laptops until 3pm tho for studying",https://www.google.com/maps/place/Atelier+Prato/data=!4m2!3m1!1s0x4786c120b2ea3f65:0x7d260df37be6222,google_maps,,,,
milan_speciale_osteria,Speciale Osteria,Milan,,want_to_try,cute italian dinner,https://www.google.com/maps/place/Speciale+Osteria/data=!4m2!3m1!1s0x4786c1be569deb7f:0xd40b82a027675fb,google_maps,,,,
milan_sogni_milano,Sogni Milano,Milan,,want_to_try,fancy dinner,https://www.google.com/maps/place/Sogni+Milano/data=!4m2!3m1!1s0x4786c3a2090c83ad:0xe893ed4fa95db54e,google_maps,,,,
milan_beefbar_milano,Beefbar Milano,Milan,,want_to_try,"date, when you're hungry",https://www.google.com/maps/place/Beefbar+Milano/data=!4m2!3m1!1s0x4786c7147c9a14cf:0x29bf3813a6bd8fc3,google_maps,,,,
milan_blitz,Blitz,Milan,,want_to_try,sexy vibes,https://www.google.com/maps/place/Blitz/data=!4m2!3m1!1s0x4786c13cd9daa42b:0x35ba280fdd6f4b4d,google_maps,,,,
milan_le_specialità,Le Specialità,Milan,,want_to_try,apparently best pizza,https://www.google.com/maps/place/Le+Specialit%C3%A0/data=!4m2!3m1!1s0x4786c6991142c56b:0x1490a96b643ed48d,google_maps,,,,
milan_the_wilde,The Wilde,Milan,,want_to_try,bar,https://www.google.com/maps/place/The+Wilde/data=!4m2!3m1!1s0x4786c6b6b20f4c25:0x255b60c74e0e2170,google_maps,,,,
milan_casa_cipriani_milano,Casa Cipriani Milano,Milan,,want_to_try,fancy hotel dinner,https://www.google.com/maps/place/Casa+Cipriani+Milano/data=!4m2!3m1!1s0x4786c791ca2894db:0x12e7f70432de4514,google_maps,,,,
milan_il_baretto_milano,Il Baretto Milano,Milan,,want_to_try,"intimate, good for date",https://www.google.com/maps/place/Il+Baretto+Milano/data=!4m2!3m1!1s0x4786c7e2399347b7:0x8e4cd481466b951c,google_maps,,,,
milan_casa_fiori_chiari_milano,Casa Fiori Chiari Milano,Milan,,want_to_try,classic italian dinner,https://www.google.com/maps/place/Casa+Fiori+Chiari+Milano/data=!4m2!3m1!1s0x4786c721c02b16df:0x10c24b412b851a59,google_maps,,,,
milan_dal_bolognese_milano,Dal Bolognese Milano,Milan,,want_to_try,fancy pasta,https://www.google.com/maps/place/Dal+Bolognese+Milano/data=!4m2!3m1!1s0x4786c6c91f9c6945:0xe01b8de948b8c09b,google_maps,,,,
milan_langosteria_bistrot,Langosteria Bistrot,Milan,,want_to_try,nice seafood,https://www.google.com/maps/place/Langosteria+Bistrot/data=!4m2!3m1!1s0x4786c3fc8e2be75f:0x749b8b0f7a077341,google_maps,,,,
milan_nobu_milano,Nobu Milano,Milan,,want_to_try,fine dining,https://www.google.com/maps/place/Nobu+Milano/data=!4m2!3m1!1s0x4786c6b140f4a57b:0xa9ba087c82040038,google_maps,,,,
milan_palazzo_cordusio_gran_meliá_the_leading_hotels_of_the_world,Palazzo Cordusio Gran Meliá - The Leading Hotels of the World,Milan,,want_to_try,"fancy, for pics",https://www.google.com/maps/place/Palazzo+Cordusio+Gran+Meli%C3%A1+-+The+Leading+Hotels+of+the+World/data=!4m2!3m1!1s0x4786c7e7b04acb77:0xf1858b2542063f89,google_maps,,,,
milan_anche_la_cotoletta_sbagliata,Anche - La Cotoletta Sbagliata,Milan,,want_to_try,casual dinner,https://www.google.com/maps/place/Anche+-+La+Cotoletta+Sbagliata/data=!4m2!3m1!1s0x4786c13279136543:0xf20bc3c74e67649e,google_maps,,,,
milan_domò_sushi_milano,Domò Sushi Milano,Milan,,want_to_try,"fancy sushi, date vibes",https://www.google.com/maps/place/Dom%C3%B2+Sushi+Milano/data=!4m2!3m1!1s0x4786c7c11b0b50d9:0x3d804b704478126b,google_maps,,,,
milan_giacomo_rosticceria,Giacomo Rosticceria,Milan,,want_to_try,classic italian dinner,https://www.google.com/maps/place/Giacomo+Rosticceria/data=!4m2!3m1!1s0x4786c69829ad0001:0xf43baa693a33ca6d,google_maps,,,,
milan_ralphs_bar,Ralph's Bar,Milan,,want_to_try,cute bar/dinner,https://www.google.com/maps/place/Ralph's+Bar/data=!4m2!3m1!1s0x4786c764dd075675:0x2386b3fb9562aa68,google_maps,,,,
milan_dg_martini,DG Martini ®,Milan,,want_to_try,fancy bar,https://www.google.com/maps/place/DG+Martini+%C2%AE/data=!4m2!3m1!1s0x4786c6bac3c1a849:0x441472768d7bcc7,google_maps,,,,
milan_bauscia,Bauscia,Milan,,want_to_try,nice italian dinner,https://www.google.com/maps/place/Bauscia/data=!4m2!3m1!1s0x4786c6b2f13faaf3:0x15a0ee98a8b230e3,google_maps,,,,
milan_yifan_sushi_2,Yifan sushi 2,Milan,,want_to_try,fancy sushi date,https://www.google.com/maps/place/Yifan+sushi+2/data=!4m2!3m1!1s0x4786c7709611abd3:0xa7b25c896b3fd2bb,google_maps,,,,
milan_belle_donne_bistrot,Belle Donne Bistrot,Milan,,want_to_try,nice dinner date/friends date,https://www.google.com/maps/place/Belle+Donne+Bistrot/data=!4m2!3m1!1s0x4786c3e4e2d07c27:0x7f5f48c976dc2c53,google_maps,,,,
milan_el_carnicero,El Carnicero,Milan,,want_to_try,cute bar dat vibes,https://www.google.com/maps/place/El+Carnicero/data=!4m2!3m1!1s0x4786c135093af3bd:0x82e0ddc01613d55e,google_maps,,,,
milan_osteria_serafina,Osteria Serafina,Milan,,want_to_try,classic italian place to go with friends,https://www.google.com/maps/place/Osteria+Serafina/data=!4m2!3m1!1s0x4786c1fc3bdebf6d:0x805cad22022645db,google_maps,,,,
milan_yapa,Yapa,Milan,,want_to_try,fancy dinner date,https://www.google.com/maps/place/Yapa/data=!4m2!3m1!1s0x4786c53d2ae13ebd:0x6103c7426cce1d3b,google_maps,,,,
milan_dhole_milano,Dhole Milano,Milan,,want_to_try,looks good for a friends lunch or dinner,https://www.google.com/maps/place/Dhole+Milano/data=!4m2!3m1!1s0x4786c5a1b6380abf:0xc3ea7983f0d9aae0,google_maps,,,,
nyc_nubiani_koreatown,NUBIANI - Koreatown,NYC,,tried,REALLY GOOD KBBQ,https://www.google.com/maps/place/NUBIANI+-+Koreatown/data=!4m2!3m1!1s0x89c2596ca1d4ed5b:0xda65d8979ab658ae,google_maps,,,,
nyc_double_chicken_please,Double Chicken Please,NYC,,tried,"make sure to reserve ahead, really good vibes",https://www.google.com/maps/place/Double+Chicken+Please/data=!4m2!3m1!1s0x89c2594f17616e23:0xfe458d735da2699e,google_maps,,,,
nyc_kenka,KENKA,NYC,,tried,"cheap eats, interesting vibe",https://www.google.com/maps/place/KENKA/data=!4m2!3m1!1s0x89c2599c7be31789:0x10beb13b71abee3,google_maps,,,,
nyc_chef_papa_vietnamese_kitchen_lic,Chef Papa Vietnamese Kitchen LIC,NYC,,tried,good pho,https://www.google.com/maps/place/Chef+Papa+Vietnamese+Kitchen+LIC/data=!4m2!3m1!1s0x89c2590021b75d93:0xb6e0a90af4ab82b3,google_maps,,,,
nyc_ahui_bbq_阿辉烧烤,Ahui BBQ 阿辉烧烤,NYC,,tried,fav foodtruck for late night cravings,https://www.google.com/maps/place/Ahui+BBQ+%E9%98%BF%E8%BE%89%E7%83%A7%E7%83%A4/data=!4m2!3m1!1s0x89c257b367efcc25:0x6d455709295f5f85,google_maps,,,,
nyc_bcd_tofu_house,BCD Tofu House,NYC,,tried,classic,https://www.google.com/maps/place/BCD+Tofu+House/data=!4m2!3m1!1s0x89c259a8fb73f6dd:0xf6e5befab6a237be,google_maps,,,,
nyc_rule_of_thirds,Rule of Thirds,NYC,,tried,immaculate vibe (perfect brunch place) in williamsburg,https://www.google.com/maps/place/Rule+of+Thirds/data=!4m2!3m1!1s0x89c259e462570469:0x368b01c9e40d301e,google_maps,,,,
nyc_blue_ribbon_sushi,Blue Ribbon Sushi,NYC,,tried,"high quality sushi, slightly expensive",https://www.google.com/maps/place/Blue+Ribbon+Sushi/data=!4m2!3m1!1s0x89c2598db6bbba4b:0xc16017f0b775b359,google_maps,,,,
nyc_asian_jewels,Asian Jewels,NYC,,tried,"authentic, good with family",https://www.google.com/maps/place/Asian+Jewels/data=!4m2!3m1!1s0x89c2600e8936acd9:0x7186588fb0262c0e,google_maps,,,,
nyc_il_corallo_trattoria,Il Corallo Trattoria,NYC,,tried,casual italian,https://www.google.com/maps/place/Il+Corallo+Trattoria/data=!4m2!3m1!1s0x89c2598dc87ebe67:0xa8be79b5c1769f3,google_maps,,,,
nyc_jing_li,Jing Li,NYC,,tried,has everything,https://www.google.com/maps/place/Jing+Li/data=!4m2!3m1!1s0x89c25910b32dd4e5:0x51cc87165359176c,google_maps,,,,
nyc_yes_apothecary_夜莺,Ye's Apothecary 夜莺,NYC,,tried,nice chinese food,https://www.google.com/maps/place/Ye's+Apothecary+%E5%A4%9C%E8%8E%BA/data=!4m2!3m1!1s0x89c2598cc6f4f1d7:0xa99e4cae31242689,google_maps,,,,
nyc_the_horny_ram,The Horny Ram,NYC,,tried,casual brunch bar vibes,https://www.google.com/maps/place/The+Horny+Ram/data=!4m2!3m1!1s0x89c258e2ff18a1bd:0xd92364c2b1f8cc7c,google_maps,,,,
nyc_xie_bao_蟹宝_manhattan,Xie Bao 蟹宝 Manhattan,NYC,,tried,"loved the food, casual eats",https://www.google.com/maps/place/Xie+Bao+%E8%9F%B9%E5%AE%9D+Manhattan/data=!4m2!3m1!1s0x89c25900533f308d:0x955c81afe0a5c325,google_maps,,,,
nyc_yakitori_taisho,Yakitori Taisho,NYC,,tried,good casual eats,https://www.google.com/maps/place/Yakitori+Taisho/data=!4m2!3m1!1s0x89c2599b8f3316a5:0x89833725e7e0c653,google_maps,,,,
nyc_juliette_restaurant,Juliette Restaurant,NYC,,tried,cute brunch,https://www.google.com/maps/place/Juliette+Restaurant/data=!4m2!3m1!1s0x89c2595e0728369b:0xf93399bc8f043b3a,google_maps,,,,
nyc_taku_sando,Taku Sando,NYC,,tried,really good japanese sandwhich place in brooklyn,https://www.google.com/maps/place/Taku+Sando/data=!4m2!3m1!1s0x89c2592157219bf1:0x615a9fd98c4b01a9,google_maps,,,,
nyc_nón_lá,Nón Lá,NYC,,tried,"really good pho, casual eats",https://www.google.com/maps/place/N%C3%B3n+L%C3%A1/data=!4m2!3m1!1s0x89c25983ca625c09:0x1b0a19e8f1ab84c0,google_maps,,,,
nyc_tora_nyc,TORA NYC,NYC,,tried,cute dinner,https://www.google.com/maps/place/TORA+NYC/data=!4m2!3m1!1s0x89c25d0014d2d6df:0x1e99818db74790d3,google_maps,,,,
nyc_aliada,Aliada,NYC,,tried,super cute date spot,https://www.google.com/maps/place/Aliada/data=!4m2!3m1!1s0x89c25f373bd01571:0x69ddbf5ef005e30b,google_maps,,,,
nyc_saigon_shack,Saigon Shack,NYC,,tried,casual pho,https://www.google.com/maps/place/Saigon+Shack/data=!4m2!3m1!1s0x89c25992279cb0a7:0x47c6705638de9109,google_maps,,,,
nyc_nai_brother_lic,Nai brother LiC,NYC,,tried,casual chinese dinner,https://www.google.com/maps/place/Nai+brother+LiC/data=!4m2!3m1!1s0x89c259e302705ad9:0x49f33ea35ed37d44,google_maps,,,,
nyc_lindustrie_pizzeria_west_village,L’industrie Pizzeria West Village,NYC,,tried,"super good pizza, casual vibes",https://www.google.com/maps/place/L%E2%80%99industrie+Pizzeria+West+Village/data=!4m2!3m1!1s0x89c2599568ac63f7:0x78fb89ff91782eb0,google_maps,,,,
nyc_win_son_bakery,Win Son Bakery,NYC,,tried,"i can eat the scallion pancakes everyday, casual brunch",https://www.google.com/maps/place/Win+Son+Bakery/data=!4m2!3m1!1s0x89c25b9f9a844559:0x874264acd136a40f,google_maps,,,,
nyc_mala_hot_pot,Mala Hot Pot,NYC,,tried,one of my fav hotpot in new york,https://www.google.com/maps/place/Mala+Hot+Pot/data=!4m2!3m1!1s0x89c2597cfddff853:0xbc47568511d6f218,google_maps,,,,
nyc_chi_chicken,Chi Chicken,NYC,,tried,love the coconut chicken,https://www.google.com/maps/place/Chi+Chicken/data=!4m2!3m1!1s0x89c2597713cf2aa1:0x4d12764af97f7e79,google_maps,,,,
nyc_the_tyger,The Tyger,NYC,,tried,good vibes with friends,https://www.google.com/maps/place/The+Tyger/data=!4m2!3m1!1s0x89c259e49f23f1d9:0x81739748a4a9d77b,google_maps,,,,
nyc_yao_modern_cantonese_cuisine_富瑤,YAO Modern Cantonese Cuisine 富瑤,NYC,,tried,"authentic canto food, good with family",https://www.google.com/maps/place/YAO+Modern+Cantonese+Cuisine+%E5%AF%8C%E7%91%A4/data=!4m2!3m1!1s0x89c25b00077b2db1:0xda4f1212473af0bd,google_maps,,,,
nyc_11_tigers,11 Tigers,NYC,,tried,cute creative thai food,https://www.google.com/maps/place/11+Tigers/data=!4m2!3m1!1s0x89c2594ec6f288f5:0xe0d193ad6841ad86,google_maps,,,,
nyc_chada_nyc,CHADA NYC,NYC,,tried,"super good thai food, popular on tiktok",https://www.google.com/maps/place/CHADA+NYC/data=!4m2!3m1!1s0x89c25900043614e3:0x39f607531d60a972,google_maps,,,,
nyc_antoya_korean_bbq,Antoya Korean BBQ,NYC,,tried,good kbbq in ktown,https://www.google.com/maps/place/Antoya+Korean+BBQ/data=!4m2!3m1!1s0x89c259a8e1040001:0x85a9472d22096b84,google_maps,,,,
nyc_olle,Olle,NYC,,tried,super authentic korean food,https://www.google.com/maps/place/Olle/data=!4m2!3m1!1s0x89c259fa0d8ca615:0x72f7a0320ee25655,google_maps,,,,
nyc_ichiran_ramen_ny_times_square,ICHIRAN Ramen NY Times Square,NYC,,tried,favorite ramen ever,https://www.google.com/maps/place/ICHIRAN+Ramen+NY+Times+Square/data=!4m2!3m1!1s0x89c259598989a063:0x8f1595e92419e152,google_maps,,,,
nyc_kaoru,Kaoru,NYC,,tried,-,https://www.google.com/maps/place/Kaoru/data=!4m2!3m1!1s0x89c2591d6a9c03f9:0x8362d00a27a20d40,google_maps,,,,
nyc_konban_nyc,konban NYC,NYC,,tried,"cute date vibes, creative korean, good katsu",https://www.google.com/maps/place/konban+NYC/data=!4m2!3m1!1s0x89c259cd8ad164bd:0xb17053d7b7443f4d,google_maps,,,,
nyc_sushiro_the_handroll_bar,Sushiro the Handroll Bar,NYC,,tried,"loved the handroll, big portions, cute date vibes",https://www.google.com/maps/place/Sushiro+the+Handroll+Bar/data=!4m2!3m1!1s0x89c259fcce606281:0xc7d5629b514f5e46,google_maps,,,,
nyc_boqueria_flatiron,Boqueria Flatiron,NYC,,tried,good tapas,https://www.google.com/maps/place/Boqueria+Flatiron/data=!4m2!3m1!1s0x89c259a3394f9953:0x8c12ea62ff858b72,google_maps,,,,
nyc_carlota,Carlota,NYC,,tried,best happy hour oysters,https://www.google.com/maps/place/Carlota/data=!4m2!3m1!1s0x89c25b0e3a64b1cb:0xf4a3e48fcbad1d78,google_maps,,,,
nyc_e_31st_st,E 31st St,NYC,,tried,super good korean food,https://www.google.com/maps/place/E+31st+St/data=!4m2!3m1!1s0x89c259080ca59b2f:0x352273088e4dfaa,google_maps,,,,
nyc_misi,Misi,NYC,,tried,"fav italian food in new york, really cute vibes",https://www.google.com/maps/place/Misi/data=!4m2!3m1!1s0x89c259fa53acb4c3:0x75e745e94a922113,google_maps,,,,
nyc_howoo,HOWOO,NYC,,tried,"favorite kbbq place, fancy, and good for dates or with friends if you are craving some good kbbq",https://www.google.com/maps/place/HOWOO/data=!4m2!3m1!1s0x89c259666eb00229:0x31193ca8feca1957,google_maps,,,,
nyc_bangkok_supper_club,Bangkok Supper Club,NYC,,tried,"really good thai food, fine dining, good with dates or with friends for special occasions",https://www.google.com/maps/place/Bangkok+Supper+Club/data=!4m2!3m1!1s0x89c259350ea1dbbd:0xa4414d5a0ffb0e7a,google_maps,,,,
nyc_beefbar_new_york,Beefbar New York,NYC,,tried,"fine dining, loved the meat, good for dates",https://www.google.com/maps/place/Beefbar+New+York/data=!4m2!3m1!1s0x89c2595afa083f2b:0xd8f06e86002d001f,google_maps,,,,
nyc_little_rubys_west_village,Little Ruby's West Village,NYC,,tried,"cute vibes, good with friends or date",https://www.google.com/maps/place/Little+Ruby's+West+Village/data=!4m2!3m1!1s0x89c259b326fb014f:0xea48d0159a3a286f,google_maps,,,,
nyc_raku,Raku,NYC,,tried,"favorite udon, pretty casual, good with friends",https://www.google.com/maps/place/Raku/data=!4m2!3m1!1s0x89c2596cd01077a3:0xa97c11b20f1fe952,google_maps,,,,
nyc_chongqing_lao_zao_重慶老灶,Chongqing Lao Zao 重慶老灶,NYC,,tried,"favorite hotpot place ever, immaculate vibes",https://www.google.com/maps/place/Chongqing+Lao+Zao+%E9%87%8D%E6%85%B6%E8%80%81%E7%81%B6/data=!4m2!3m1!1s0x89c261f1d59189bb:0x91595bcba72e85f7,google_maps,,,,
nyc_hojokban_nyc,HOJOKBAN NYC,NYC,,tried,"my favorite korean food, very creative and good for date or with friends",https://www.google.com/maps/place/HOJOKBAN+NYC/data=!4m2!3m1!1s0x89c25957ca0865f7:0x55ed330c715808f,google_maps,,,,
nyc_woorijip,Woorijip,NYC,,want_to_try,-,https://www.google.com/maps/place/Woorijip/data=!4m2!3m1!1s0x89c259a8f1bef1cd:0x7205b1a9e0c152e4,google_maps,,,,
nyc_atomix,ATOMIX,NYC,,want_to_try,-,https://www.google.com/maps/place/ATOMIX/data=!4m2!3m1!1s0x89c259081e80b9dd:0xcbba8bbce70e7645,google_maps,,,,
nyc_kochi_korean_fine_dining,Kochi - Korean Fine Dining,NYC,,want_to_try,-,https://www.google.com/maps/place/Kochi+-+Korean+Fine+Dining/data=!4m2!3m1!1s0x89c259548cb3c437:0x8e83dcd5a865bef9,google_maps,,,,
nyc_jungsik,Jungsik,NYC,,want_to_try,fine dining,https://www.google.com/maps/place/Jungsik/data=!4m2!3m1!1s0x89c25a1fd1cd24a5:0xe06d9ff42b6b6f23,google_maps,,,,
nyc_naro,NARO,NYC,,want_to_try,-,https://www.google.com/maps/place/NARO/data=!4m2!3m1!1s0x89c25906f025b4a7:0x9544fc9a9cf9c779,google_maps,,,,
nyc_seoul_salon_nyc,SEOUL SALON NYC,NYC,,want_to_try,-,https://www.google.com/maps/place/SEOUL+SALON+NYC/data=!4m2!3m1!1s0x89c2593ebc21dca9:0x6e56006e74be3a32,google_maps,,,,
nyc_jeju_noodle_bar,Jeju Noodle Bar,NYC,,want_to_try,-,https://www.google.com/maps/place/Jeju+Noodle+Bar/data=!4m2!3m1!1s0x89c259ecba3f2cbd:0x7bdf461ece9544c0,google_maps,,,,
nyc_izakaya_mew,Izakaya MEW,NYC,,want_to_try,-,https://www.google.com/maps/place/Izakaya+MEW/data=!4m2!3m1!1s0x89c259a97a25fe87:0xdead51ccf7e11827,google_maps,,,,
nyc_popup_bagels,Popup Bagels,NYC,,want_to_try,-,https://www.google.com/maps/place/Popup+Bagels/data=!4m2!3m1!1s0x89c2598626928527:0x5a9f4b3569495225,google_maps,,,,
nyc_don_angie,Don Angie,NYC,,want_to_try,-,https://www.google.com/maps/place/Don+Angie/data=!4m2!3m1!1s0x89c25995f4b5107f:0xb7d70b00818a6b5f,google_maps,,,,
nyc_shuka,Shuka,NYC,,want_to_try,-,https://www.google.com/maps/place/Shuka/data=!4m2!3m1!1s0x89c2598d97dcd6dd:0xb97a39d45e2be2a2,google_maps,,,,
nyc_soothr,Soothr,NYC,,want_to_try,-,https://www.google.com/maps/place/Soothr/data=!4m2!3m1!1s0x89c25923d7bca4d1:0x5bbeae84d9924f22,google_maps,,,,
nyc_los_tacos_no1,LOS TACOS No.1,NYC,,want_to_try,-,https://www.google.com/maps/place/LOS+TACOS+No.1/data=!4m2!3m1!1s0x89c2585492286ae9:0x4dfa6d9f277ea7de,google_maps,,,,
nyc_theodora,Theodora,NYC,,want_to_try,-,https://www.google.com/maps/place/Theodora/data=!4m2!3m1!1s0x89c25b908dbb2727:0x8810ee4e72002ab6,google_maps,,,,
nyc_málà_project,MáLà Project,NYC,,want_to_try,-,https://www.google.com/maps/place/M%C3%A1L%C3%A0+Project/data=!4m2!3m1!1s0x89c2599d18426333:0xc8d3339791c26903,google_maps,,,,
nyc_sushi_ishikawa,Sushi Ishikawa,NYC,,want_to_try,-,https://www.google.com/maps/place/Sushi+Ishikawa/data=!4m2!3m1!1s0x89c258c0d1e0baf5:0x7d1b9c2fc02f6cc5,google_maps,,,,
nyc_bungalow,Bungalow,NYC,,want_to_try,-,https://www.google.com/maps/place/Bungalow/data=!4m2!3m1!1s0x89c2590044e143c5:0x5d377f3ad3b83659,google_maps,,,,
nyc_hyun,HYUN,NYC,,want_to_try,I NEED THE UNLIMITED WAGYU,https://www.google.com/maps/place/HYUN/data=!4m2!3m1!1s0x89c2591f71785cc9:0xcda4e7e42b665a8d,google_maps,,,,
nyc_cote_korean_steakhouse,COTE Korean Steakhouse,NYC,,want_to_try,-,https://www.google.com/maps/place/COTE+Korean+Steakhouse/data=!4m2!3m1!1s0x89c259a384775443:0x4ad3dc8a6c30ce40,google_maps,,,,
nyc_okiboru_house_of_udon,Okiboru House of Udon,NYC,,want_to_try,-,https://www.google.com/maps/place/Okiboru+House+of+Udon/data=!4m2!3m1!1s0x89c259005266011f:0xb0f1eba80963810b,google_maps,,,,
nyc_apollo_bagels,Apollo Bagels,NYC,,want_to_try,-,https://www.google.com/maps/place/Apollo+Bagels/data=!4m2!3m1!1s0x89c259006b5f41ef:0x87200d2c9acee1d0,google_maps,,,,
nyc_mariscos_el_submarino,Mariscos El Submarino,NYC,,want_to_try,-,https://www.google.com/maps/place/Mariscos+El+Submarino/data=!4m2!3m1!1s0x89c25900040f84ad:0xb34adbdef2a377cb,google_maps,,,,
nyc_xian_famous_foods_西安名吃_chelsea,Xi'an Famous Foods 西安名吃 | Chelsea,NYC,,want_to_try,-,https://www.google.com/maps/place/Xi'an+Famous+Foods+%E8%A5%BF%E5%AE%89%E5%90%8D%E5%90%83+%7C+Chelsea/data=!4m2!3m1!1s0x89c25983b2c2cc5d:0x57dd52edcaf34e0a,google_maps,,,,
nyc_chez_fifi,Chez Fifi,NYC,,want_to_try,-,https://www.google.com/maps/place/Chez+Fifi/data=!4m2!3m1!1s0x89c2597bdfbe9e09:0xea0f5572e01a2922,google_maps,,,,
nyc_musaafer,Musaafer,NYC,,want_to_try,-,https://www.google.com/maps/place/Musaafer/data=!4m2!3m1!1s0x89c25b0003b521d3:0x5aff9b19dec3fd45,google_maps,,,,
nyc_kabawa,Kabawa,NYC,,want_to_try,-,https://www.google.com/maps/place/Kabawa/data=!4m2!3m1!1s0x89c259562e73ceeb:0xf8ca883f62224a88,google_maps,,,,
nyc_i_cavallini,I Cavallini,NYC,,want_to_try,-,https://www.google.com/maps/place/I+Cavallini/data=!4m2!3m1!1s0x89c2594ef13aecb1:0x98f1387f2bfca4ac,google_maps,,,,
nyc_the_eighty_six,The Eighty Six,NYC,,want_to_try,-,https://www.google.com/maps/place/The+Eighty+Six/data=!4m2!3m1!1s0x89c2592129d9ee61:0x84fbdc9bcdb1bdfd,google_maps,,,,
nyc_naks,Naks,NYC,,want_to_try,philipino salted eggyolk pancake,https://www.google.com/maps/place/Naks/data=!4m2!3m1!1s0x89c259f3112bf641:0x8c1f9ace6487f214,google_maps,,,,
nyc_maison_premiere,Maison Premiere,NYC,,want_to_try,oyster bars,https://www.google.com/maps/place/Maison+Premiere/data=!4m2!3m1!1s0x89c259604f86f55b:0xcb55e54de2d99b36,google_maps,,,,
nyc_dirty_french_new_york,Dirty French New York,NYC,,want_to_try,holiday spirit,https://www.google.com/maps/place/Dirty+French+New+York/data=!4m2!3m1!1s0x89c25983c32271ad:0xe2272c4f253e9dc6,google_maps,,,,
nyc_ariari,ARIARI,NYC,,want_to_try,korean tapas,https://www.google.com/maps/place/ARIARI/data=!4m2!3m1!1s0x89c2594515c94085:0x6ac58ecc6611d190,google_maps,,,,
nyc_shinn_east,SHINN EAST,NYC,,want_to_try,$69 thirteen course omakase,https://www.google.com/maps/place/SHINN+EAST/data=!4m2!3m1!1s0x89c25922c0fda33d:0x86742905ba29c6c1,google_maps,,,,
nyc_sozai_japanese_restaurant_izakaya_ramen,Sozai Japanese Restaurant (Izakaya Ramen),NYC,,want_to_try,lowkey spot,https://www.google.com/maps/place/Sozai+Japanese+Restaurant+(Izakaya+Ramen)/data=!4m2!3m1!1s0x89c2592173e83c91:0x649b09d198ca2d70,google_maps,,,,
nyc_yoko_cho,YOKO-CHO,NYC,,want_to_try,cozy japanese,https://www.google.com/maps/place/YOKO-CHO/data=!4m2!3m1!1s0x89c25972076334e7:0x636b99d0fc5108d4,google_maps,,,,
nyc_monkey_bar,Monkey Bar,NYC,,want_to_try,"classic, been wanting to go",https://www.google.com/maps/place/Monkey+Bar/data=!4m2!3m1!1s0x89c258fb1466d69b:0x58ecf24f96cc68e0,google_maps,,,,
nyc_the_nines,The Nines,NYC,,want_to_try,cozy fancy vibes,https://www.google.com/maps/place/The+Nines/data=!4m2!3m1!1s0x89c25998def2f209:0x20226532db7c1e62,google_maps,,,,
nyc_the_portrait_bar,The Portrait Bar,NYC,,want_to_try,"cute vibes, fancy",https://www.google.com/maps/place/The+Portrait+Bar/data=!4m2!3m1!1s0x89c25962f807eea3:0xa7ec47d2038833eb,google_maps,,,,
nyc_lobby_bar_at_the_hotel_chelsea,Lobby Bar at The Hotel Chelsea,NYC,,want_to_try,date night,https://www.google.com/maps/place/Lobby+Bar+at+The+Hotel+Chelsea/data=!4m2!3m1!1s0x89c259ccab5cb0d9:0xd992a61729fd64c9,google_maps,,,,
nyc_4_charles_prime_rib,4 Charles Prime Rib,NYC,,want_to_try,fancy steakhouse,https://www.google.com/maps/place/4+Charles+Prime+Rib/data=!4m2!3m1!1s0x89c259942a0eb0fb:0x157ade6f9c17ad32,google_maps,,,,
nyc_the_polo_bar,The Polo Bar,NYC,,want_to_try,classic date night,https://www.google.com/maps/place/The+Polo+Bar/data=!4m2!3m1!1s0x89c258fa56f86f63:0xe55c54ab602c385e,google_maps,,,,
nyc_swan_room,Swan Room,NYC,,want_to_try,date night,https://www.google.com/maps/place/Swan+Room/data=!4m2!3m1!1s0x89c25bbb948c5fa7:0xa04abe4decc5dec3,google_maps,,,,
nyc_bemelmans_bar,Bemelmans Bar,NYC,,want_to_try,fancy dinner,https://www.google.com/maps/place/Bemelmans+Bar/data=!4m2!3m1!1s0x89c25894f6830e11:0xa96f889c0194ea4b,google_maps,,,,
nyc_waverly_inn,Waverly Inn,NYC,,want_to_try,fancy date night vibes,https://www.google.com/maps/place/Waverly+Inn/data=!4m2!3m1!1s0x89c25995951c53c7:0x91a0c347d5d447bb,google_maps,,,,
nyc_the_campbell,The Campbell,NYC,,want_to_try,casual drinks,https://www.google.com/maps/place/The+Campbell/data=!4m2!3m1!1s0x89c2590189300cbd:0xb94e6b9642523640,google_maps,,,,
nyc_minetta_tavern,Minetta Tavern,NYC,,want_to_try,"old money, date night vibes",https://www.google.com/maps/place/Minetta+Tavern/data=!4m2!3m1!1s0x89c2599196190779:0xf5f0efaba6878e,google_maps,,,,
